Workbook

Sheet Sheet1
B1: UWI | C1: Pressure (psia) | D1: Temperature (°F) | E1: Gas Flowrate (MSCFD) | F1: Liquid Flow Rate (BBL/D) | G1: Latitude | H1: Longitude | I1: Status | J1: Formation | K1: H2S | L1: CO2 | M1: N2 | N1: H2 | O1: HE | P1: C1 | Q1: C2 | R1: C3 | S1: IC4 | T1: NC4 | U1: IC5 | V1: NC5 | W1: C6 | X1: C7Plus
B2: 100/11-02-082-25W4/02 | D2: 50 | E2: =VLOOKUP(B2,Sheet2!$A$2:$C$21,3) -> 120.8615 | F2: =VLOOKUP(B2,Sheet2!A2:E21,5) -> 2.542 | G2: =VLOOKUP(B2,Sheet3!$B$2:$D$24,2) -> 56.09157466813602 | H2: =VLOOKUP(B2,Sheet3!$B$2:$D$24,3) -> -113.80005 | I2: Active | J2: McMurray | K2: 0 | L2: 0.0088622642 | M2: 0.0030018868 | N2: 0.00028867925 | O2: 0.00013584906 | P2: 0.98403585 | Q2: 0.0012415094 | R2: 0.00038490566 | S2: 0.00053773585 | T2: 0.00050754717 | U2: 0.0003490566 | V2: 0.00021320755 | W2: 0.00019056604 | X2: 0.0002509434
B3: 100/15-19-081-24W4/02 | D3: 50 | E3: =VLOOKUP(B3,Sheet2!$A$2:$C$21,3) -> 166.38 | F3: =VLOOKUP(B3,Sheet2!A3:E22,5) -> 1.6791667 | G3: =VLOOKUP(B3,Sheet3!$B$2:$D$24,2) -> 56.09157466813602 | H3: =VLOOKUP(B3,Sheet3!$B$2:$D$24,3) -> -113.80005 | I3: Active | J3: McMurray | K3: 0 | L3: 0.0088622642 | M3: 0.0030018868 | N3: 0.00028867925 | O3: 0.00013584906 | P3: 0.98403585 | Q3: 0.0012415094 | R3: 0.00038490566 | S3: 0.00053773585 | T3: 0.00050754717 | U3: 0.0003490566 | V3: 0.00021320755 | W3: 0.00019056604 | X3: 0.0002509434
B4: 100/08-07-081-24W4/03 | D4: 50 | E4: =VLOOKUP(B4,Sheet2!$A$2:$C$21,3) -> 243.2865 | F4: =IFERROR(VLOOKUP(B4,Sheet2!A4:E23,5), "") -> 4.0713333 | G4: =VLOOKUP(B4,Sheet3!$B$2:$D$24,2) -> 56.09157466813602 | H4: =VLOOKUP(B4,Sheet3!$B$2:$D$24,3) -> -113.80005 | I4: Active | J4: Wabiskaw | K4: 0 | L4: 0.0088622642 | M4: 0.0030018868 | N4: 0.00028867925 | O4: 0.00013584906 | P4: 0.98403585 | Q4: 0.0012415094 | R4: 0.00038490566 | S4: 0.00053773585 | T4: 0.00050754717 | U4: 0.0003490566 | V4: 0.00021320755 | W4: 0.00019056604 | X4: 0.0002509434
B5: 100/10-36-081-25W4/03 | D5: 50 | E5: =VLOOKUP(B5,Sheet2!$A$2:$C$21,3) -> 162.88425 | F5: =IFERROR(VLOOKUP(B5,Sheet2!A5:E24,5), "") -> 1.43375 | G5: =VLOOKUP(B5,Sheet3!$B$2:$D$24,2) -> 56.09157466813602 | H5: =VLOOKUP(B5,Sheet3!$B$2:$D$24,3) -> -113.80005 | I5: Active | J5: Wabamun | K5: 0 | L5: 0.0088622642 | M5: 0.0030018868 | N5: 0.00028867925 | O5: 0.00013584906 | P5: 0.98403585 | Q5: 0.0012415094 | R5: 0.00038490566 | S5: 0.00053773585 | T5: 0.00050754717 | U5: 0.0003490566 | V5: 0.00021320755 | W5: 0.00019056604 | X5: 0.0002509434
B6: 102/10-06-081-24W4/03 | D6: 50 | E6: =VLOOKUP(B6,Sheet2!$A$2:$C$21,3) -> 16.638 | F6: =IFERROR(VLOOKUP(B6,Sheet2!A6:E25,5), "") -> 0.372 | G6: =VLOOKUP(B6,Sheet3!$B$2:$D$24,2) -> 56.09157466813602 | H6: =VLOOKUP(B6,Sheet3!$B$2:$D$24,3) -> -113.80005 | I6: Active | J6: Wabamun | K6: 0 | L6: 0.0088622642 | M6: 0.0030018868 | N6: 0.00028867925 | O6: 0.00013584906 | P6: 0.98403585 | Q6: 0.0012415094 | R6: 0.00038490566 | S6: 0.00053773585 | T6: 0.00050754717 | U6: 0.0003490566 | V6: 0.00021320755 | W6: 0.00019056604 | X6: 0.0002509434
B7: 100/11-30-081-24W4/02 | D7: 50 | E7: =VLOOKUP(B7,Sheet2!$A$2:$C$21,3) -> 120.8615 | F7: =IFERROR(VLOOKUP(B7,Sheet2!A7:E26,5), "") -> 2.542 | G7: =VLOOKUP(B7,Sheet3!$B$2:$D$24,2) -> 56.09157466813602 | H7: =VLOOKUP(B7,Sheet3!$B$2:$D$24,3) -> -113.80005 | I7: Suspended | K7: 0 | L7: 0.0088622642 | M7: 0.0030018868 | N7: 0.00028867925 | O7: 0.00013584906 | P7: 0.98403585 | Q7: 0.0012415094 | R7: 0.00038490566 | S7: 0.00053773585 | T7: 0.00050754717 | U7: 0.0003490566 | V7: 0.00021320755 | W7: 0.00019056604 | X7: 0.0002509434
B8: 100/12-32-080-24W4/02 | D8: 50 | E8: =VLOOKUP(B8,Sheet2!$A$2:$C$21,3) -> 382.7625 | F8: =IFERROR(VLOOKUP(B8,Sheet2!A8:E27,5), "") -> 6.2981667 | G8: =VLOOKUP(B8,Sheet3!$B$2:$D$24,2) -> 56.09157466813602 | H8: =VLOOKUP(B8,Sheet3!$B$2:$D$24,3) -> -113.80005 | I8: Active | J8: Wabamun | K8: 0 | L8: 0.0088622642 | M8: 0.0030018868 | N8: 0.00028867925 | O8: 0.00013584906 | P8: 0.98403585 | Q8: 0.0012415094 | R8: 0.00038490566 | S8: 0.00053773585 | T8: 0.00050754717 | U8: 0.0003490566 | V8: 0.00021320755 | W8: 0.00019056604 | X8: 0.0002509434
B9: 100/13-20-081-24W4/04 | D9: 50 | E9: =VLOOKUP(B9,Sheet2!$A$2:$C$21,3) -> 15.1925 | F9: =IFERROR(VLOOKUP(B9,Sheet2!A9:E28,5), "") -> 0.51666667 | G9: =VLOOKUP(B9,Sheet3!$B$2:$D$24,2) -> 56.09157466813602 | H9: =VLOOKUP(B9,Sheet3!$B$2:$D$24,3) -> -113.80005 | I9: Location | J9: Mannville | K9: 0 | L9: 0.0088622642 | M9: 0.0030018868 | N9: 0.00028867925 | O9: 0.00013584906 | P9: 0.98403585 | Q9: 0.0012415094 | R9: 0.00038490566 | S9: 0.00053773585 | T9: 0.00050754717 | U9: 0.0003490566 | V9: 0.00021320755 | W9: 0.00019056604 | X9: 0.0002509434
B10: 100/13-05-081-24W4/03 | D10: 50 | E10: =VLOOKUP(B10,Sheet2!$A$2:$C$21,3) -> 15.1925 | F10: =IFERROR(VLOOKUP(B10,Sheet2!A10:E29,5), "") -> 0.51666667 | G10: =VLOOKUP(B10,Sheet3!$B$2:$D$24,2) -> 56.09157466813602 | H10: =VLOOKUP(B10,Sheet3!$B$2:$D$24,3) -> -113.80005 | I10: Active | J10: Wabamun | K10: 0 | L10: 0.0088622642 | M10: 0.0030018868 | N10: 0.00028867925 | O10: 0.00013584906 | P10: 0.98403585 | Q10: 0.0012415094 | R10: 0.00038490566 | S10: 0.00053773585 | T10: 0.00050754717 | U10: 0.0003490566 | V10: 0.00021320755 | W10: 0.00019056604 | X10: 0.0002509434
B11: 100/14-17-081-24W4/02 | D11: 50 | E11: =VLOOKUP(B11,Sheet2!$A$2:$C$21,3) -> 44.958 | F11: =IFERROR(VLOOKUP(B11,Sheet2!A11:E30,5), "") -> 0 | G11: =VLOOKUP(B11,Sheet3!$B$2:$D$24,2) -> 56.09157466813602 | H11: =VLOOKUP(B11,Sheet3!$B$2:$D$24,3) -> -113.80005 | I11: Active | J11: Winterburn | K11: 0 | L11: 0.0088622642 | M11: 0.0030018868 | N11: 0.00028867925 | O11: 0.00013584906 | P11: 0.98403585 | Q11: 0.0012415094 | R11: 0.00038490566 | S11: 0.00053773585 | T11: 0.00050754717 | U11: 0.0003490566 | V11: 0.00021320755 | W11: 0.00019056604 | X11: 0.0002509434
B12: 100/15-29-080-24W4/02 | D12: 50 | E12: =VLOOKUP(B12,Sheet2!$A$2:$C$21,3) -> 68.086 | F12: =IFERROR(VLOOKUP(B12,Sheet2!A12:E31,5), "") -> 0.93516667 | G12: =VLOOKUP(B12,Sheet3!$B$2:$D$24,2) -> 56.09157466813602 | H12: =VLOOKUP(B12,Sheet3!$B$2:$D$24,3) -> -113.80005 | I12: Active | J12: Wabiskaw | K12: 0 | L12: 0.0088622642 | M12: 0.0030018868 | N12: 0.00028867925 | O12: 0.00013584906 | P12: 0.98403585 | Q12: 0.0012415094 | R12: 0.00038490566 | S12: 0.00053773585 | T12: 0.00050754717 | U12: 0.0003490566 | V12: 0.00021320755 | W12: 0.00019056604 | X12: 0.0002509434
B13: 100/04-07-081-24W4/02 | D13: 50 | E13: =VLOOKUP(B13,Sheet2!$A$2:$C$21,3) -> 108.4125 | F13: =IFERROR(VLOOKUP(B13,Sheet2!A13:E32,5), "") | G13: =VLOOKUP(B13,Sheet3!$B$2:$D$24,2) -> 56.00199948211903 | H13: =VLOOKUP(B13,Sheet3!$B$2:$D$24,3) -> -113.75893 | I13: Active | J13: Wabamun | K13: 0 | L13: 0.0088622642 | M13: 0.0030018868 | N13: 0.00028867925 | O13: 0.00013584906 | P13: 0.98403585 | Q13: 0.0012415094 | R13: 0.00038490566 | S13: 0.00053773585 | T13: 0.00050754717 | U13: 0.0003490566 | V13: 0.00021320755 | W13: 0.00019056604 | X13: 0.0002509434
B14: 100/06-18-081-24W4/02 | D14: 50 | E14: =VLOOKUP(B14,Sheet2!$A$2:$C$21,3) -> 78.2635 | F14: =IFERROR(VLOOKUP(B14,Sheet2!A14:E33,5), "") | G14: =VLOOKUP(B14,Sheet3!$B$2:$D$24,2) -> 56.02012527134795 | H14: =VLOOKUP(B14,Sheet3!$B$2:$D$24,3) -> -113.75348 | I14: Active | J14: Wabamun | K14: 0 | L14: 0.0088622642 | M14: 0.0030018868 | N14: 0.00028867925 | O14: 0.00013584906 | P14: 0.98403585 | Q14: 0.0012415094 | R14: 0.00038490566 | S14: 0.00053773585 | T14: 0.00050754717 | U14: 0.0003490566 | V14: 0.00021320755 | W14: 0.00019056604 | X14: 0.0002509434
B15: 100/06-19-081-24W4/02 | D15: 50 | E15: =VLOOKUP(B15,Sheet2!$A$2:$C$21,3) -> 77.093333 | F15: =IFERROR(VLOOKUP(B15,Sheet2!A15:E34,5), "") | G15: =VLOOKUP(B15,Sheet3!$B$2:$D$24,2) -> 56.03515611041615 | H15: =VLOOKUP(B15,Sheet3!$B$2:$D$24,3) -> -113.75712 | I15: Active | J15: Wabamun | K15: 0 | L15: 0.0088622642 | M15: 0.0030018868 | N15: 0.00028867925 | O15: 0.00013584906 | P15: 0.98403585 | Q15: 0.0012415094 | R15: 0.00038490566 | S15: 0.00053773585 | T15: 0.00050754717 | U15: 0.0003490566 | V15: 0.00021320755 | W15: 0.00019056604 | X15: 0.0002509434
B16: 102/06-19-081-24W4/00 | D16: 50 | E16: =VLOOKUP(B16,Sheet2!$A$2:$C$21,3) -> 129.5345 | F16: =IFERROR(VLOOKUP(B16,Sheet2!A16:E35,5), "") -> 1.7463333 | G16: =VLOOKUP(B16,Sheet3!$B$2:$D$24,2) -> 56.09157466813602 | H16: =VLOOKUP(B16,Sheet3!$B$2:$D$24,3) -> -113.80005 | I16: Active | J16: Mannville | K16: 0 | L16: 0.0088622642 | M16: 0.0030018868 | N16: 0.00028867925 | O16: 0.00013584906 | P16: 0.98403585 | Q16: 0.0012415094 | R16: 0.00038490566 | S16: 0.00053773585 | T16: 0.00050754717 | U16: 0.0003490566 | V16: 0.00021320755 | W16: 0.00019056604 | X16: 0.0002509434
B17: 102/06-20-081-24W4/02 | D17: 50 | E17: =VLOOKUP(B17,Sheet2!$A$2:$C$21,3) -> 13.039 | F17: =IFERROR(VLOOKUP(B17,Sheet2!A17:E36,5), "") -> 0.31 | G17: =VLOOKUP(B17,Sheet3!$B$2:$D$24,2) -> 56.09157466813602 | H17: =VLOOKUP(B17,Sheet3!$B$2:$D$24,3) -> -113.80005 | I17: Active | J17: Mannville | K17: 0 | L17: 0.0088622642 | M17: 0.0030018868 | N17: 0.00028867925 | O17: 0.00013584906 | P17: 0.98403585 | Q17: 0.0012415094 | R17: 0.00038490566 | S17: 0.00053773585 | T17: 0.00050754717 | U17: 0.0003490566 | V17: 0.00021320755 | W17: 0.00019056604 | X17: 0.0002509434
B18: 100/06-21-080-24W4/03 | D18: 50 | E18: =VLOOKUP(B18,Sheet2!$A$2:$C$21,3) -> 77.093333 | F18: =IFERROR(VLOOKUP(B18,Sheet2!A18:E37,5), "") | G18: =VLOOKUP(B18,Sheet3!$B$2:$D$24,2) -> 56.03515611041615 | H18: =VLOOKUP(B18,Sheet3!$B$2:$D$24,3) -> -113.75712 | I18: Suspended | J18: Wabamun | K18: 0 | L18: 0.0088622642 | M18: 0.0030018868 | N18: 0.00028867925 | O18: 0.00013584906 | P18: 0.98403585 | Q18: 0.0012415094 | R18: 0.00038490566 | S18: 0.00053773585 | T18: 0.00050754717 | U18: 0.0003490566 | V18: 0.00021320755 | W18: 0.00019056604 | X18: 0.0002509434
B19: 100/06-30-081-24W4/00 | D19: 50 | E19: =VLOOKUP(B19,Sheet2!$A$2:$C$21,3) -> 136.939 | F19: =IFERROR(VLOOKUP(B19,Sheet2!A19:E38,5), "") | G19: =VLOOKUP(B19,Sheet3!$B$2:$D$24,2) -> 56.04755497268927 | H19: =VLOOKUP(B19,Sheet3!$B$2:$D$24,3) -> -113.75729 | I19: Active | J19: Wabamun | K19: 0 | L19: 0.0088622642 | M19: 0.0030018868 | N19: 0.00028867925 | O19: 0.00013584906 | P19: 0.98403585 | Q19: 0.0012415094 | R19: 0.00038490566 | S19: 0.00053773585 | T19: 0.00050754717 | U19: 0.0003490566 | V19: 0.00021320755 | W19: 0.00019056604 | X19: 0.0002509434
... B23: 100/07-10-082-25W4/00 | D23: 50 | E23: =VLOOKUP(B23,Sheet2!$A$2:$C$21,3) -> 149.978 | F23: =IFERROR(VLOOKUP(B23,Sheet2!A23:E42,5), "") | G23: =VLOOKUP(B23,Sheet3!$B$2:$D$24,2) -> 56.09330577119652 | H23: =VLOOKUP(B23,Sheet3!$B$2:$D$24,3) -> -113.82925 | I23: Active | J23: Wabamun | K23: 0 | L23: 0.0088622642 | M23: 0.0030018868 | N23: 0.00028867925 | O23: 0.00013584906 | P23: 0.98403585 | Q23: 0.0012415094 | R23: 0.00038490566 | S23: 0.00053773585 | T23: 0.00050754717 | U23: 0.0003490566 | V23: 0.00021320755 | W23: 0.00019056604 | X23: 0.0002509434
B24: 100/07-11-082-25W4/03 | D24: 50 | E24: =VLOOKUP(B24,Sheet2!$A$2:$C$21,3) -> 150.037 | F24: =IFERROR(VLOOKUP(B24,Sheet2!A24:E43,5), "") | G24: =VLOOKUP(B24,Sheet3!$B$2:$D$24,2) -> 56.09157466813602 | H24: =VLOOKUP(B24,Sheet3!$B$2:$D$24,3) -> -113.80005 | I24: Active | K24: 0 | L24: 0.0088622642 | M24: 0.0030018868 | N24: 0.00028867925 | O24: 0.00013584906 | P24: 0.98403585 | Q24: 0.0012415094 | R24: 0.00038490566 | S24: 0.00053773585 | T24: 0.00050754717 | U24: 0.0003490566 | V24: 0.00021320755 | W24: 0.00019056604 | X24: 0.0002509434

Sheet Sheet2
B1: E3M3 | C1: mcf | D1: m3 | E1: bbl
A2: 100/04-07-081-24W4/02 | B2: 3.0625 | C2: =B2*35.4 -> 108.4125 | D2: 0.43583333 | E2: =D2*6.2 -> 2.7021667
A3: 100/06-08-081-24W4/00 | B3: 9.8575 | C3: =B3*35.4 -> 348.9555 | D3: 0.65666667 | E3: =D3*6.2 -> 4.0713333
A4: 100/06-09-081-24W4/03 | B4: 8.04 | C4: =B4*35.4 -> 284.616 | D4: 0.27166667 | E4: =D4*6.2 -> 1.6843333
A5: 100/06-18-081-24W4/02 | B5: 2.2108333 | C5: =B5*35.4 -> 78.2635 | D5: 0.38 | E5: =D5*6.2 -> 2.356
A6: 100/06-19-081-24W4/02 | B6: 2.1777778 | C6: =B6*35.4 -> 77.093333 | D6: 0.17555556 | E6: =D6*6.2 -> 1.0884444
A7: 100/06-30-081-24W4/00 | B7: 3.8683333 | C7: =B7*35.4 -> 136.939 | D7: 0.3325 | E7: =D7*6.2 -> 2.0615
A8: 100/07-10-082-25W4/00 | B8: 4.2366667 | C8: =B8*35.4 -> 149.978 | D8: 0 | E8: =D8*6.2 -> 0
A9: 100/07-11-082-25W4/03 | B9: 4.2383333 | C9: =B9*35.4 -> 150.037 | D9: 0.46083333 | E9: =D9*6.2 -> 2.8571667
A10: 100/08-07-081-24W4/03 | B10: 6.8725 | C10: =B10*35.4 -> 243.2865 | D10: 0.65666667 | E10: =D10*6.2 -> 4.0713333
A11: 100/10-36-081-25W4/03 | B11: 4.60125 | C11: =B11*35.4 -> 162.88425 | D11: 0.23125 | E11: =D11*6.2 -> 1.43375
A12: 100/11-02-082-25W4/02 | B12: 3.4141667 | C12: =B12*35.4 -> 120.8615 | D12: 0.41 | E12: =D12*6.2 -> 2.542
A13: 100/12-32-080-24W4/02 | B13: 10.8125 | C13: =B13*35.4 -> 382.7625 | D13: 1.0158333 | E13: =D13*6.2 -> 6.2981667
... A21: 102/10-06-081-24W4/03 | B21: 0.47 | C21: =B21*35.4 -> 16.638 | D21: 0.06 | E21: =D21*6.2 -> 0.372

Sheet Sheet3
B1: formatted_uwi | C1: surface_latitude | D1: surface_longitude
B2: 100/11-02-082-25W4/02 | C2: 56.08176078431269 | D2: -113.80534
B3: 100/15-19-081-24W4/02 | C3: 56.03934004002138 | D3: -113.74509
B4: 100/08-07-081-24W4/03 | C4: 56.004350410301235 | D4: -113.73906
B5: 100/10-36-081-25W4/03 | C5: 56.06582682880793 | D5: -113.77462
B6: 102/10-06-081-24W4/03 | C6: 55.993402498441625 | D6: -113.74784
B7: 100/11-30-081-24W4/02 | C7: 56.05160591864839 | D7: -113.75426
B8: 100/12-32-080-24W4/02 | C8: 55.98037647726037 | D8: -113.73292
B9: 100/13-20-081-24W4/04 | C9: 56.04225399734275 | D9: -113.73534
B10: 100/13-05-081-24W4/03 | C10: 55.996141444974356 | D10: -113.73309
B11: 100/14-17-081-24W4/02 | C11: 56.025006170474924 | D11: -113.73064
B12: 100/15-29-080-24W4/02 | C12: 55.966262476532386 | D12: -113.72123
B13: 100/04-07-081-24W4/02 | C13: 56.00199948211903 | D13: -113.75893
... B15: 100/06-19-081-24W4/02 | C15: 56.03515611041615 | D15: -113.75712
B16: 102/06-19-081-24W4/00 | C16: 56.034884 | D16: -113.75714
B17: 102/06-20-081-24W4/02 | C17: 56.03234809075759 | D17: -113.72819
B18: 100/06-21-080-24W4/03 | C18: 55.94570748190489 | D18: -113.70035
B19: 100/06-30-081-24W4/00 | C19: 56.04755497268927 | D19: -113.75729
B20: 100/06-08-081-24W4/00 | C20: 56.00426537714813 | D20: -113.72829
B21: 102/06-08-081-24W4/00 | C21: 56.004394376047856 | D21: -113.72835
B22: 100/06-09-081-24W4/03 | C22: 56.00534928564578 | D22: -113.70235
B23: 100/07-10-082-25W4/00 | C23: 56.09330577119652 | D23: -113.82925
B24: 100/07-11-082-25W4/03 | C24: 56.09157466813602 | D24: -113.80005
